<?xml version="1.0"?>
<MQBuildConfg>
	<item name="monkeyquest.unity.url.membership" value="http://2014.mqreawaken.ovh/Membership" />
	<item name="monkeyquest.unity.cache.domain" value="http://2014.mqreawaken.ovh/Cache" />
	<item name="monkeyquest.unity.cache.license" value="UNKNOWN" />
	<item name="monkeyquest.unity.cache.size" value="0" />
	<item name="monkeyquest.unity.cache.expiration" value="0" />
	<item name="game.cacheversion" value="1" />
	<item name="monkeyquest.unity.url.crisp.host" value="http://2014.mqreawaken.ovh/Chat/" />
	
	<item name="asset.log" value="true" />
	<item name="asset.autoload" value="true" />
	<item name="asset.disableversioning" value="true" />
	<item name="asset.jboss" value="http://2014.mqreawaken.ovh/Apps/" />
	<item name="asset.bundle" value="http://2014.mqreawaken.ovh/Client/Bundles" />
	<item name="asset.audio" value="http://2014.mqreawaken.ovh/Client/Audio" />
	
	<item name="logout.url" value="http://2014.mqreawaken.ovh/Logout" />
	<item name="contactus.url" value="http://2014.mqreawaken.ovh/Contact" />
	<item name="tools.urlbase" value="http://2014.mqreawaken.ovh/Tools/" />
	<item name="leaderboard.domain" value="http://2014.mqreawaken.ovh/Apps/" />
	
	<item name="analytics.baseurl" value="http://2014.mqreawaken.ovh/Analytics/" />
	<item name="analytics.enabled" value="true" />
	<item name="analytics.apikey" value="HF0UX6J9IXFERKR9MDTZ297Z" />
	
	<item name="project.name" value="MQReawakened" />

	<item name="login.user" value="" />
	<item name="login.auto" value="false" />
</MQBuildConfg>